{
  "model/models.js": 1599646392000,
  "manifest.json": 1599666769004,
  "i18n/i18n.properties": 1599646392000,
  "controller/Main.controller.js": 1599646392000,
  "Component.js": 1599646392000,
  "manifest-bundle.zip": 1599666768841,
  "Component-preload.js": 1599666768984,
  "model/models-dbg.js": 1599646392000,
  "controller/Main-dbg.controller.js": 1599646392000,
  "Component-dbg.js": 1599646392000,
  "resources.json": 1599666769007,
  "view/Main.view.xml": 1599646392000,
  "css/style.css": 1599646392000,
  "index.html": 1599646392000
}